date,open,high,low,close,volume
2016-04-27 12:00:00,415.28,415.28,415.28,415.28,0
2016-04-27 08:00:00,415.28,415.28,415.28,415.28,0
2016-04-27 04:00:00,415.28,415.28,415.28,415.28,0
2016-04-27 00:00:00,415.28,415.28,415.28,415.28,0
2016-04-26 20:00:00,415.28,415.28,415.28,415.28,0
2016-04-26 16:00:00,415.28,415.28,415.28,415.28,0
2016-04-26 12:00:00,415.28,415.28,415.28,415.28,0
2016-04-26 08:00:00,415.28,415.28,415.28,415.28,0
2016-04-26 04:00:00,415.28,415.28,415.28,415.28,0
2016-04-26 00:00:00,415.28,415.28,415.28,415.28,0
2016-04-25 20:00:00,415.28,415.28,415.28,415.28,0
2016-04-25 16:00:00,415.28,415.28,415.28,415.28,0
2016-04-25 12:00:00,415.28,415.28,415.28,415.28,0
2016-04-25 08:00:00,415.28,415.28,415.28,415.28,0
2016-04-25 04:00:00,415.28,415.28,415.28,415.28,0
2016-04-25 00:00:00,415.28,415.28,415.28,415.28,0
2016-04-24 20:00:00,415.28,415.28,415.28,415.28,0
2016-04-24 16:00:00,415.28,415.28,415.28,415.28,0
2016-04-24 12:00:00,415.28,415.28,415.28,415.28,0
2016-04-24 08:00:00,415.28,415.28,415.28,415.28,0
2016-04-24 04:00:00,415.28,415.28,415.28,415.28,0
2016-04-24 00:00:00,415.28,415.28,415.28,415.28,0
2016-04-23 20:00:00,415.28,415.28,415.28,415.28,0
2016-04-23 16:00:00,415.28,415.28,415.28,415.28,0
2016-04-23 12:00:00,415.28,415.28,415.28,415.28,0
2016-04-23 08:00:00,415.28,415.28,415.28,415.28,0
2016-04-23 04:00:00,415.28,415.28,415.28,415.28,0
2016-04-23 00:00:00,415.28,415.28,415.28,415.28,0
2016-04-22 20:00:00,415.28,415.28,415.28,415.28,0
2016-04-22 16:00:00,415.28,415.28,415.28,415.28,0
2016-04-22 12:00:00,415.28,415.28,415.28,415.28,0
2016-04-22 08:00:00,415.28,415.28,415.28,415.28,0
2016-04-22 04:00:00,415.28,415.28,415.28,415.28,0
2016-04-22 00:00:00,415.28,415.28,415.28,415.28,0
2016-04-21 20:00:00,415.28,415.28,415.28,415.28,0
2016-04-21 16:00:00,415.28,415.28,415.28,415.28,0
2016-04-21 12:00:00,415.28,415.28,415.28,415.28,0
2016-04-21 08:00:00,415.28,415.28,415.28,415.28,0
2016-04-21 04:00:00,415.28,415.28,415.28,415.28,0
2016-04-21 00:00:00,415.28,415.28,415.28,415.28,0
2016-04-20 20:00:00,415.28,415.28,415.28,415.28,0
2016-04-20 16:00:00,415.28,415.28,415.28,415.28,0
2016-04-20 12:00:00,415.28,415.28,415.28,415.28,0
2016-04-20 08:00:00,415.28,415.28,415.28,415.28,0
2016-04-20 04:00:00,415.28,415.28,415.28,415.28,0
2016-04-20 00:00:00,415.28,415.28,415.28,415.28,0
2016-04-19 20:00:00,415.28,415.28,415.28,415.28,0
2016-04-19 16:00:00,415.28,415.28,415.28,415.28,0
2016-04-19 12:00:00,415.28,415.28,415.28,415.28,0
2016-04-19 08:00:00,415.28,415.28,415.28,415.28,0
2016-04-19 04:00:00,415.28,415.28,415.28,415.28,0
2016-04-19 00:00:00,415.28,415.28,415.28,415.28,0
2016-04-18 20:00:00,415.28,415.28,415.28,415.28,0
2016-04-18 16:00:00,415.28,415.28,415.28,415.28,0
2016-04-18 12:00:00,415.28,415.28,415.28,415.28,0
2016-04-18 08:00:00,415.28,415.28,415.28,415.28,0
2016-04-18 04:00:00,415.28,415.28,415.28,415.28,0
2016-04-18 00:00:00,415.28,415.28,415.28,415.28,0
2016-04-17 20:00:00,415.28,415.28,415.28,415.28,0
2016-04-17 16:00:00,415.28,415.28,415.28,415.28,0
2016-04-17 12:00:00,415.28,415.28,415.28,415.28,0
2016-04-17 08:00:00,415.28,415.28,415.28,415.28,0
2016-04-17 04:00:00,415.28,415.28,415.28,415.28,0
2016-04-17 00:00:00,415.28,415.28,415.28,415.28,0
2016-04-16 20:00:00,415.28,415.28,415.28,415.28,0
2016-04-16 16:00:00,415.28,415.28,415.28,415.28,0
2016-04-16 12:00:00,415.28,415.28,415.28,415.28,0
2016-04-16 08:00:00,415.28,415.28,415.28,415.28,0
2016-04-16 04:00:00,415.28,415.28,415.28,415.28,0
2016-04-16 00:00:00,415.28,415.28,415.28,415.28,0
2016-04-15 20:00:00,415.28,415.28,415.28,415.28,0
2016-04-15 16:00:00,415.28,415.28,415.28,415.28,0
2016-04-15 12:00:00,415.28,415.28,415.28,415.28,0
2016-04-15 08:00:00,415.28,415.28,415.28,415.28,0
2016-04-15 04:00:00,415.28,415.28,415.28,415.28,0
2016-04-15 00:00:00,415.28,415.28,415.28,415.28,0
2016-04-14 20:00:00,415.28,415.28,415.28,415.28,0
2016-04-14 16:00:00,415.28,415.28,415.28,415.28,0
2016-04-14 12:00:00,415.28,415.28,415.28,415.28,0
2016-04-14 08:00:00,415.28,415.28,415.28,415.28,0
2016-04-14 04:00:00,415.28,415.28,415.28,415.28,0
2016-04-14 00:00:00,415.28,415.28,415.28,415.28,0
2016-04-13 20:00:00,415.28,415.28,415.28,415.28,0
2016-04-13 16:00:00,415.28,415.28,415.28,415.28,0
2016-04-13 12:00:00,415.28,415.28,415.28,415.28,0
2016-04-13 08:00:00,415.28,415.28,415.28,415.28,0
2016-04-13 04:00:00,415.28,415.28,415.28,415.28,0
2016-04-13 00:00:00,415.28,415.28,415.28,415.28,0
2016-04-12 20:00:00,415.28,415.28,415.28,415.28,0
2016-04-12 16:00:00,415.28,415.28,415.28,415.28,0
2016-04-12 12:00:00,415.28,415.28,415.28,415.28,0
2016-04-12 08:00:00,415.28,415.28,415.28,415.28,0
2016-04-12 04:00:00,415.28,415.28,415.28,415.28,0
2016-04-12 00:00:00,415.28,415.28,415.28,415.28,0
2016-04-11 20:00:00,415.28,415.28,415.28,415.28,0
2016-04-11 16:00:00,415.28,415.28,415.28,415.28,0
2016-04-11 12:00:00,415.28,415.28,415.28,415.28,0
2016-04-11 08:00:00,415.28,415.28,415.28,415.28,0
2016-04-11 04:00:00,415.28,415.28,415.28,415.28,0
2016-04-11 00:00:00,415.28,415.28,415.28,415.28,0
2016-04-10 20:00:00,415.28,415.28,415.28,415.28,0
2016-04-10 16:00:00,415.28,415.28,415.28,415.28,0
2016-04-10 12:00:00,415.28,415.28,415.28,415.28,0
2016-04-10 08:00:00,415.28,415.28,415.28,415.28,0
2016-04-10 04:00:00,415.28,415.28,415.28,415.28,0
2016-04-10 00:00:00,415.28,415.28,415.28,415.28,0
2016-04-09 20:00:00,415.28,415.28,415.28,415.28,0
2016-04-09 16:00:00,415.28,415.28,415.28,415.28,0
2016-04-09 12:00:00,415.28,415.28,415.28,415.28,0
2016-04-09 08:00:00,415.28,415.28,415.28,415.28,0
2016-04-09 04:00:00,415.28,415.28,415.28,415.28,0
2016-04-09 00:00:00,415.28,415.28,415.28,415.28,0
2016-04-08 20:00:00,415.28,415.28,415.28,415.28,0
2016-04-08 16:00:00,415.28,415.28,415.28,415.28,0
2016-04-08 12:00:00,415.28,415.28,415.28,415.28,0
2016-04-08 08:00:00,415.28,415.28,415.28,415.28,0
2016-04-08 04:00:00,415.28,415.28,415.28,415.28,0
2016-04-08 00:00:00,415.28,415.28,415.28,415.28,0
2016-04-07 20:00:00,415.28,415.28,415.28,415.28,0
2016-04-07 16:00:00,415.28,415.28,415.28,415.28,0
2016-04-07 12:00:00,415.28,415.28,415.28,415.28,0
2016-04-07 08:00:00,415.28,415.28,415.28,415.28,0
2016-04-07 04:00:00,415.28,415.28,415.28,415.28,0
2016-04-07 00:00:00,415.28,415.28,415.28,415.28,0
2016-04-06 20:00:00,415.28,415.28,415.28,415.28,0
2016-04-06 16:00:00,415.28,415.28,415.28,415.28,0
2016-04-06 12:00:00,415.28,415.28,415.28,415.28,0
2016-04-06 08:00:00,415.28,415.28,415.28,415.28,0
2016-04-06 04:00:00,415.28,415.28,415.28,415.28,0
2016-04-06 00:00:00,415.28,415.28,415.28,415.28,0
2016-04-05 20:00:00,415.28,415.28,415.28,415.28,0
2016-04-05 16:00:00,415.28,415.28,415.28,415.28,0
2016-04-05 12:00:00,415.28,415.28,415.28,415.28,0
2016-04-05 08:00:00,415.28,415.28,415.28,415.28,0
2016-04-05 04:00:00,415.28,415.28,415.28,415.28,0
2016-04-05 00:00:00,415.28,415.28,415.28,415.28,0
2016-04-04 20:00:00,415.28,415.28,415.28,415.28,0
2016-04-04 16:00:00,415.28,415.28,415.28,415.28,0
2016-04-04 12:00:00,415.28,415.28,415.28,415.28,0
2016-04-04 08:00:00,415.28,415.28,415.28,415.28,0
2016-04-04 04:00:00,415.28,415.28,415.28,415.28,0
2016-04-04 00:00:00,415.28,415.28,415.28,415.28,0
2016-04-03 20:00:00,415.28,415.28,415.28,415.28,0
2016-04-03 16:00:00,415.28,415.28,415.28,415.28,0
2016-04-03 12:00:00,415.28,415.28,415.28,415.28,0
2016-04-03 08:00:00,415.28,415.28,415.28,415.28,0
2016-04-03 04:00:00,415.28,415.28,415.28,415.28,0
2016-04-03 00:00:00,415.28,415.28,415.28,415.28,0
2016-04-02 20:00:00,415.28,415.28,415.28,415.28,0
2016-04-02 16:00:00,415.28,415.28,415.28,415.28,0
2016-04-02 12:00:00,415.28,415.28,415.28,415.28,0
2016-04-02 08:00:00,415.28,415.28,415.28,415.28,0
2016-04-02 04:00:00,415.28,415.28,415.28,415.28,0
2016-04-02 00:00:00,415.28,415.28,415.28,415.28,0
2016-04-01 20:00:00,415.28,415.28,415.28,415.28,0
2016-04-01 16:00:00,415.28,415.28,415.28,415.28,0
2016-04-01 12:00:00,415.28,415.28,415.28,415.28,0
2016-04-01 08:00:00,415.28,415.28,415.28,415.28,0
2016-04-01 04:00:00,415.28,415.28,415.28,415.28,0
2016-04-01 00:00:00,415.28,415.28,415.28,415.28,0
2016-03-31 20:00:00,415.28,415.28,415.28,415.28,0
2016-03-31 16:00:00,415.28,415.28,415.28,415.28,0
2016-03-31 12:00:00,415.28,415.28,415.28,415.28,0
2016-03-31 08:00:00,415.28,415.28,415.28,415.28,0
2016-03-31 04:00:00,415.28,415.28,415.28,415.28,0
2016-03-31 00:00:00,415.28,415.28,415.28,415.28,0
2016-03-30 20:00:00,415.28,415.28,415.28,415.28,0
2016-03-30 16:00:00,415.28,415.28,415.28,415.28,0
2016-03-30 12:00:00,415.28,415.28,415.28,415.28,0
2016-03-30 08:00:00,415.28,415.28,415.28,415.28,0
2016-03-30 04:00:00,415.28,415.28,415.28,415.28,0
2016-03-30 00:00:00,415.28,415.28,415.28,415.28,0
2016-03-29 20:00:00,415.28,415.28,415.28,415.28,0
2016-03-29 16:00:00,415.28,415.28,415.28,415.28,0
2016-03-29 12:00:00,415.80,415.80,407.22,415.28,2364.71912456999999835403
2016-03-29 08:00:00,422.49,422.49,415.80,415.80,1144.73293525999999884111
2016-03-29 04:00:00,423.20,423.20,420.48,422.49,344.45211414999999883179
2016-03-29 00:00:00,422.87,424.37,421.99,423.20,309.863933669999998943114
2016-03-28 20:00:00,422.09,423.08,420.32,422.87,380.7991659000000006593
2016-03-28 16:00:00,421.47,422.99,420.58,422.09,379.31721625000000023436
2016-03-28 12:00:00,424.37,424.37,421.17,421.47,1109.66909527999998895442
2016-03-28 08:00:00,422.06,424.54,421.28,424.37,456.7503142599999996758
2016-03-28 04:00:00,423.45,424.77,421.60,422.06,377.102300050000000490821
2016-03-28 00:00:00,424.77,424.77,422.50,423.45,451.6928189099999952170
2016-03-27 20:00:00,426.00,426.40,423.07,424.77,627.12163034999999891446
2016-03-27 16:00:00,424.99,427.99,423.20,426.00,2813.97438034000000830080
2016-03-27 12:00:00,416.36,424.99,416.36,424.99,1203.30589535000001199071895
2016-03-27 08:00:00,416.90,417.01,415.84,416.36,230.3357219400000064755
2016-03-27 04:00:00,415.91,416.99,415.82,416.90,98.8879253200000000193
2016-03-27 00:00:00,416.96,416.99,415.77,415.91,65.25197990000000015839
2016-03-26 20:00:00,416.10,416.98,415.15,416.96,146.5220618899999996304
2016-03-26 16:00:00,415.27,416.10,414.00,416.10,275.90367249999999731775
2016-03-26 12:00:00,414.79,416.05,414.20,415.27,129.49411331999999871274
2016-03-26 08:00:00,416.98,416.98,414.07,414.79,218.80014977999999900461
2016-03-26 04:00:00,416.95,416.99,415.05,416.98,186.57372298999999781179
2016-03-26 00:00:00,415.70,416.99,415.10,416.95,295.71265511999999415074
2016-03-25 20:00:00,416.00,416.92,414.80,415.70,335.32527430999999973669
2016-03-25 16:00:00,415.98,416.88,414.87,416.00,331.0255021200000009927
2016-03-25 12:00:00,415.22,416.69,414.12,415.98,573.382533630000000165561
2016-03-25 08:00:00,415.37,416.66,412.02,415.22,522.03229883000000233725
2016-03-25 04:00:00,415.66,416.15,412.00,415.37,490.955964439999993984186
2016-03-25 00:00:00,415.17,415.95,413.07,415.66,336.06114993000000252757
2016-03-24 20:00:00,416.49,416.68,415.15,415.17,220.48029392000000043499
2016-03-24 16:00:00,415.78,417.00,415.21,416.49,677.57528286999999345075
2016-03-24 12:00:00,414.81,417.00,414.51,415.78,770.59746818000000413490
2016-03-24 08:00:00,415.04,415.39,412.85,414.81,456.42683343999999476013
2016-03-24 04:00:00,415.62,417.50,415.00,415.04,387.3695522499999991648
2016-03-24 00:00:00,417.62,418.15,415.60,415.62,264.15940140999999962245
2016-03-23 20:00:00,418.67,419.00,415.69,417.62,674.211696059999995609688
2016-03-23 16:00:00,417.07,419.00,415.60,418.67,1028.38977997000000299056
2016-03-23 12:00:00,415.76,417.14,413.44,417.07,1284.880952339999990941975
2016-03-23 08:00:00,416.17,417.48,413.54,415.76,1114.030237759999995263819
2016-03-23 04:00:00,416.63,417.50,415.00,416.17,546.13404965999999826532
2016-03-23 00:00:00,416.64,417.00,415.80,416.63,298.749795280000000270197
2016-03-22 20:00:00,416.00,416.99,414.63,416.64,584.81162106999999964728
2016-03-22 16:00:00,415.52,416.24,413.75,416.00,751.6248697099999977274261
2016-03-22 12:00:00,415.25,415.80,414.17,415.52,764.997814350000001969659
2016-03-22 08:00:00,416.00,416.00,414.03,415.25,581.8502263699999967028
2016-03-22 04:00:00,414.35,416.00,413.86,416.00,599.90831010000000444074
2016-03-22 00:00:00,411.67,415.00,410.35,414.35,666.96235304000000534438
2016-03-21 20:00:00,411.37,411.96,409.65,411.67,335.62068035000000146003
2016-03-21 16:00:00,410.29,411.49,407.21,411.37,1077.745167560000005827339
2016-03-21 12:00:00,408.30,411.50,407.80,410.29,949.6120102299999996546499
2016-03-21 08:00:00,407.10,409.14,406.50,408.30,641.48478784000000144938
2016-03-21 04:00:00,407.49,408.20,406.82,407.10,196.7994727599999983358
2016-03-21 00:00:00,411.28,411.28,406.82,407.49,345.01679186000000092386
2016-03-20 20:00:00,411.26,411.96,408.90,411.28,448.07500854000000147988
2016-03-20 16:00:00,410.28,411.90,409.15,411.26,615.25923388999999998605
2016-03-20 12:00:00,408.82,410.99,408.35,410.28,465.04745238999999577361
2016-03-20 08:00:00,409.20,409.78,408.00,408.82,92.67561050999999929260
2016-03-20 04:00:00,409.16,410.20,406.60,409.20,358.44360477999999932834
2016-03-20 00:00:00,409.04,412.00,407.70,409.16,599.501217490000002119001
2016-03-19 20:00:00,404.93,409.13,404.92,409.04,321.8051371600000011032697
2016-03-19 16:00:00,406.90,407.60,404.10,404.93,516.50164306000000168464
2016-03-19 12:00:00,408.10,409.95,405.53,406.90,755.2064184699999959613019
2016-03-19 08:00:00,408.59,409.20,407.21,408.10,285.31143130999999897939
2016-03-19 04:00:00,406.29,409.54,404.62,408.59,505.86691547999999963480181
2016-03-19 00:00:00,407.91,408.69,405.53,406.29,485.55581487999999550530
2016-03-18 20:00:00,404.02,408.87,404.00,407.91,1020.28125153999999769147237
2016-03-18 16:00:00,407.98,409.66,403.34,404.02,1909.488462329999993615617
2016-03-18 12:00:00,413.22,414.89,406.66,407.98,1988.05542984999998393763
2016-03-18 08:00:00,415.00,415.50,413.22,413.22,558.7273038800000006166
2016-03-18 04:00:00,417.04,417.89,413.46,415.00,574.71854798999999550509
2016-03-18 00:00:00,418.49,418.49,416.67,417.04,339.9755993400000009302
2016-03-17 20:00:00,418.50,418.50,417.98,418.49,56.6542194700000010549
2016-03-06 04:30:00,400.740000000000,401.990000000000,396.220000000000,401.350000000000,552.680731790000
2016-03-06 04:05:00,400.000000000000,401.500000000000,396.220000000000,401.500000000000,560.808019830000
2016-03-06 00:30:00,398.240000000000,401.370000000000,393.110000000000,400.740000000000,690.040806550000
2016-03-06 00:05:00,398.510000000000,400.300000000000,393.110000000000,400.000000000000,697.045055070000
2016-03-05 20:30:00,398.700000000000,403.000000000000,396.700000000000,398.240000000000,1154.026598250000
2016-03-05 20:05:00,401.370000000000,403.000000000000,396.700000000000,398.510000000000,1340.610486080000
2016-03-05 16:30:00,393.510000000000,401.970000000000,390.000000000000,398.700000000000,2562.475595250000
2016-03-05 16:05:00,393.240000000000,401.970000000000,390.000000000000,401.370000000000,2690.797876030000
2016-03-05 12:30:00,404.610000000000,405.850000000000,382.000000000000,393.510000000000,8249.112554990000
2016-03-05 12:05:00,404.930000000000,406.130000000000,382.000000000000,393.240000000000,7943.674820530000
2016-03-05 08:30:00,406.000000000000,407.210000000000,402.420000000000,404.610000000000,1449.097718050000
2016-03-05 08:05:00,405.650000000000,407.210000000000,402.420000000000,404.930000000000,1557.618550810000
2016-03-05 04:30:00,408.540000000000,408.980000000000,403.810000000000,406.000000000000,586.895188100000
2016-03-05 04:05:00,408.460000000000,408.980000000000,403.810000000000,405.650000000000,424.440024520000
2016-03-05 00:30:00,406.780000000000,408.860000000000,402.000000000000,408.540000000000,2361.068575850000
2016-03-05 00:05:00,408.350000000000,408.470000000000,402.000000000000,408.460000000000,2472.031161970000
2016-03-04 20:30:00,413.890000000000,414.310000000000,406.000000000000,406.780000000000,2552.410812370000
2016-03-04 20:05:00,414.960000000000,414.960000000000,406.020000000000,408.350000000000,2582.147643960000
2016-03-04 16:30:00,418.660000000000,420.000000000000,413.000000000000,413.890000000000,1961.809432970000
2016-03-04 16:05:00,419.580000000000,420.000000000000,413.100000000000,414.960000000000,1865.266189930000
2016-03-04 12:30:00,419.900000000000,421.000000000000,418.650000000000,418.660000000000,868.584696690000
2016-03-04 12:05:00,420.000000000000,421.000000000000,418.660000000000,419.580000000000,894.929356640000
2016-03-04 08:30:00,420.840000000000,422.270000000000,416.180000000000,419.900000000000,786.603033470000
2016-03-04 08:05:00,422.710000000000,422.970000000000,416.180000000000,420.000000000000,820.437972080000
2016-03-04 04:30:00,422.130000000000,423.900000000000,420.840000000000,420.840000000000,1034.045035710000
2016-03-04 04:05:00,421.870000000000,423.900000000000,421.010000000000,422.710000000000,970.263943350000
2016-03-04 00:30:00,421.250000000000,422.980000000000,419.600000000000,422.130000000000,710.026490490000
2016-03-04 00:05:00,420.300000000000,422.980000000000,419.600000000000,421.870000000000,664.212076620000
2016-03-03 20:30:00,417.100000000000,421.250000000000,416.010000000000,421.250000000000,1115.860816670000
2016-03-03 20:05:00,417.240000000000,420.910000000000,416.000000000000,420.300000000000,1264.560855460000
2016-03-03 16:30:00,420.830000000000,421.670000000000,416.000000000000,417.100000000000,1510.815985460000
2016-03-03 16:05:00,421.550000000000,421.670000000000,416.000000000000,417.240000000000,1640.379681080000
2016-03-03 12:30:00,422.100000000000,424.470000000000,420.220000000000,420.830000000000,1359.105888800000
2016-03-03 12:05:00,420.940000000000,424.470000000000,420.220000000000,421.550000000000,1203.612990060000
2016-03-03 08:30:00,422.030000000000,423.890000000000,420.160000000000,422.100000000000,941.556658820000
2016-03-03 08:05:00,420.700000000000,423.890000000000,420.160000000000,420.940000000000,995.262629900000
2016-03-03 04:30:00,421.090000000000,422.480000000000,415.850000000000,422.030000000000,974.579848510000
2016-03-03 04:05:00,419.010000000000,421.770000000000,415.850000000000,420.700000000000,824.187261950000
2016-03-03 00:30:00,420.690000000000,423.820000000000,417.020000000000,421.090000000000,1231.778981630000
2016-03-03 00:05:00,422.300000000000,424.190000000000,417.020000000000,419.010000000000,1530.972239950000
2016-03-02 20:30:00,429.240000000000,429.790000000000,420.000000000000,420.690000000000,2240.954797430000
2016-03-02 20:05:00,429.390000000000,429.800000000000,421.310000000000,422.300000000000,1976.727095870000
2016-03-02 16:30:00,430.300000000000,430.500000000000,428.520000000000,429.240000000000,607.644100920000
2016-03-02 16:05:00,430.300000000000,430.500000000000,428.520000000000,429.390000000000,651.760138930000
2016-03-02 12:30:00,430.770000000000,432.020000000000,427.500000000000,430.300000000000,1369.062207340000
2016-03-02 12:05:00,431.540000000000,432.020000000000,427.500000000000,430.300000000000,1373.261875570000
2016-03-02 08:30:00,431.740000000000,433.800000000000,428.960000000000,430.770000000000,847.849584050000
2016-03-02 08:05:00,432.740000000000,433.800000000000,429.520000000000,431.540000000000,736.828093160000
2016-03-02 04:30:00,431.750000000000,434.000000000000,430.350000000000,431.740000000000,449.087704000000
2016-03-02 04:05:00,433.930000000000,434.230000000000,430.350000000000,432.740000000000,489.397560620000
2016-03-02 00:30:00,433.360000000000,434.500000000000,431.050000000000,431.750000000000,559.203476790000
2016-03-02 00:05:00,432.880000000000,434.500000000000,431.050000000000,433.930000000000,573.033908600000
2016-03-01 20:30:00,430.700000000000,433.990000000000,428.820000000000,433.360000000000,1315.128606200000
2016-03-01 20:05:00,432.190000000000,433.990000000000,428.820000000000,432.880000000000,1328.398910520000
2016-03-01 16:30:00,433.100000000000,433.980000000000,427.010000000000,430.700000000000,1902.051307200000
2016-03-01 16:05:00,431.650000000000,433.980000000000,427.010000000000,432.190000000000,1849.112092050000
2016-03-01 12:30:00,434.990000000000,435.030000000000,430.360000000000,433.100000000000,824.927353610000
2016-03-01 12:05:00,434.710000000000,435.030000000000,430.800000000000,431.650000000000,854.909777700000
2016-03-01 08:30:00,430.370000000000,436.190000000000,429.890000000000,434.990000000000,960.655910390000
2016-03-01 08:05:00,431.630000000000,436.190000000000,428.920000000000,434.710000000000,938.377530690000
2016-03-01 04:30:00,431.650000000000,435.790000000000,427.330000000000,430.370000000000,1150.086434950000
2016-03-01 04:05:00,435.300000000000,435.790000000000,427.330000000000,431.630000000000,1145.217433550000
2016-03-01 00:30:00,436.700000000000,437.500000000000,429.000000000000,431.650000000000,857.271320580000
2016-03-01 00:05:00,435.200000000000,437.500000000000,429.000000000000,435.300000000000,834.944879790000
2016-02-29 20:30:00,435.280000000000,437.000000000000,432.500000000000,436.700000000000,986.616502630000
2016-02-29 20:05:00,433.610000000000,437.000000000000,432.500000000000,435.200000000000,1052.924403940000
2016-02-29 16:30:00,436.400000000000,437.640000000000,432.940000000000,435.280000000000,1198.106987690000
2016-02-29 16:05:00,435.680000000000,437.640000000000,432.940000000000,433.610000000000,1162.534325770000
2016-02-29 12:30:00,436.530000000000,439.670000000000,432.810000000000,436.400000000000,1783.465679020000
2016-02-29 12:05:00,435.100000000000,439.670000000000,432.810000000000,435.680000000000,1820.873528640000
2016-02-29 08:30:00,436.490000000000,440.990000000000,430.450000000000,436.530000000000,2286.590931440000
2016-02-29 08:05:00,432.330000000000,440.990000000000,430.450000000000,435.100000000000,2287.691606250000
2016-02-29 04:30:00,436.400000000000,437.840000000000,430.000000000000,436.490000000000,840.024443090000
2016-02-29 04:05:00,437.240000000000,437.840000000000,430.000000000000,432.330000000000,836.216900190000
2016-02-29 00:30:00,430.090000000000,437.990000000000,430.080000000000,436.400000000000,1293.043455650000
2016-02-29 00:05:00,431.120000000000,437.990000000000,428.120000000000,437.240000000000,1266.481490680000
2016-02-28 20:30:00,432.990000000000,434.380000000000,428.120000000000,430.090000000000,868.046256990000
2016-02-28 20:05:00,432.990000000000,434.380000000000,428.330000000000,431.120000000000,855.786758070000
2016-02-28 16:30:00,432.060000000000,434.000000000000,431.120000000000,432.990000000000,445.130636220000
2016-02-28 16:05:00,432.290000000000,434.000000000000,431.120000000000,432.990000000000,422.505054950000
2016-02-28 12:30:00,426.420000000000,435.000000000000,425.770000000000,432.060000000000,1125.521764760000
2016-02-28 12:05:00,425.520000000000,435.000000000000,425.100000000000,432.290000000000,1141.251888060000
2016-02-28 08:30:00,426.070000000000,426.420000000000,424.000000000000,426.420000000000,348.781922530000
2016-02-28 08:05:00,426.000000000000,426.100000000000,424.000000000000,425.520000000000,321.897286350000
2016-02-28 04:30:00,423.980000000000,426.500000000000,423.980000000000,426.070000000000,121.544805690000
2016-02-28 04:05:00,424.880000000000,426.500000000000,423.720000000000,426.000000000000,125.981818880000
2016-02-28 00:30:00,431.790000000000,431.790000000000,422.290000000000,423.980000000000,670.266501950000
2016-02-28 00:05:00,430.810000000000,431.800000000000,422.290000000000,424.880000000000,671.387526650000
2016-02-27 20:30:00,429.110000000000,431.900000000000,428.840000000000,431.790000000000,350.891306290000
2016-02-27 20:05:00,430.400000000000,431.900000000000,428.840000000000,430.810000000000,587.541682170000
2016-02-27 16:30:00,430.000000000000,432.000000000000,428.800000000000,429.110000000000,729.773255730000
2016-02-27 16:05:00,431.470000000000,432.000000000000,428.800000000000,430.400000000000,594.987141940000
2016-02-27 12:30:00,431.420000000000,432.000000000000,430.000000000000,430.000000000000,481.766104420000
2016-02-27 12:05:00,431.680000000000,432.000000000000,430.330000000000,431.470000000000,403.248427790000
2016-02-27 08:30:00,432.510000000000,432.530000000000,428.220000000000,431.420000000000,1033.084489060000
2016-02-27 08:05:00,432.090000000000,432.990000000000,428.220000000000,431.680000000000,1021.248702140000
2016-02-27 04:30:00,431.000000000000,434.010000000000,430.720000000000,432.510000000000,480.648017850000
2016-02-27 04:05:00,433.000000000000,434.010000000000,430.720000000000,432.090000000000,844.217008520000
2016-02-27 00:30:00,433.830000000000,435.000000000000,430.790000000000,431.000000000000,791.373715780000
2016-02-27 00:05:00,432.000000000000,435.000000000000,429.540000000000,433.000000000000,651.727672850000
2016-02-26 20:30:00,423.900000000000,433.900000000000,422.010000000000,433.830000000000,1573.631860840000
2016-02-26 20:05:00,423.600000000000,432.000000000000,422.010000000000,432.000000000000,1344.982587400000
2016-02-26 16:30:00,424.160000000000,424.500000000000,422.110000000000,423.900000000000,768.747302370000
2016-02-26 16:05:00,424.500000000000,424.500000000000,422.110000000000,423.600000000000,792.005639320000
2016-02-26 12:30:00,424.780000000000,425.000000000000,422.830000000000,424.160000000000,834.022648080000
2016-02-26 12:05:00,424.430000000000,425.000000000000,422.830000000000,424.500000000000,820.302031490000
2016-02-26 08:30:00,424.470000000000,424.900000000000,422.080000000000,424.780000000000,489.346146060000
2016-02-26 08:05:00,424.790000000000,424.900000000000,422.080000000000,424.430000000000,480.620190540000
2016-02-26 04:30:00,420.330000000000,424.790000000000,419.000000000000,424.470000000000,660.726618360000
2016-02-26 04:05:00,420.220000000000,424.790000000000,418.010000000000,424.790000000000,787.411960340000
2016-02-26 00:30:00,421.290000000000,422.510000000000,418.010000000000,420.330000000000,560.976063930000
2016-02-26 00:05:00,423.510000000000,423.510000000000,419.200000000000,420.220000000000,468.239203600000
2016-02-25 20:30:00,421.440000000000,423.970000000000,421.180000000000,421.290000000000,473.197965440000
2016-02-25 20:05:00,423.500000000000,424.660000000000,421.160000000000,423.510000000000,525.354133180000
2016-02-25 16:30:00,422.000000000000,424.660000000000,419.770000000000,421.440000000000,1049.169987850000
2016-02-25 16:05:00,422.430000000000,423.500000000000,419.770000000000,423.500000000000,1019.592353730000
2016-02-25 12:30:00,421.820000000000,423.760000000000,418.690000000000,422.000000000000,993.159285100000
2016-02-25 12:05:00,422.490000000000,423.760000000000,418.690000000000,422.430000000000,929.831375290000
2016-02-25 08:30:00,423.010000000000,424.000000000000,421.000000000000,421.820000000000,788.006361110000
2016-02-25 08:05:00,423.600000000000,424.000000000000,421.000000000000,422.490000000000,838.255438290000
2016-02-25 04:30:00,420.480000000000,423.980000000000,415.790000000000,423.010000000000,1308.998716110000
2016-02-25 04:05:00,419.670000000000,423.740000000000,415.790000000000,423.600000000000,1359.131384360000
2016-02-25 00:30:00,426.000000000000,426.750000000000,418.500000000000,420.480000000000,819.366111530000
2016-02-25 00:05:00,423.790000000000,426.750000000000,419.580000000000,419.670000000000,927.940851860000
2016-02-24 20:30:00,422.850000000000,426.000000000000,419.500000000000,426.000000000000,916.098193960000
2016-02-24 20:05:00,423.970000000000,423.980000000000,419.500000000000,423.790000000000,747.300960530000
2016-02-24 16:30:00,422.000000000000,423.990000000000,420.040000000000,422.850000000000,698.266533290000
2016-02-24 16:05:00,423.000000000000,423.990000000000,420.040000000000,423.970000000000,784.549392150000
2016-02-24 12:30:00,418.220000000000,424.280000000000,416.100000000000,422.000000000000,2307.869229010000
2016-02-24 12:05:00,416.570000000000,424.280000000000,416.100000000000,423.000000000000,2226.985088960000
2016-02-24 08:30:00,415.160000000000,418.220000000000,412.930000000000,418.220000000000,634.475389370000
2016-02-24 08:05:00,415.240000000000,417.950000000000,412.930000000000,416.570000000000,688.255288850000
2016-02-24 04:30:00,419.070000000000,419.690000000000,409.070000000000,415.160000000000,1561.233055370000
2016-02-24 04:05:00,419.480000000000,419.880000000000,409.070000000000,415.240000000000,1522.871688940000
2016-02-24 00:30:00,423.950000000000,424.000000000000,416.700000000000,419.070000000000,987.100054800000
2016-02-24 00:05:00,419.950000000000,424.000000000000,416.700000000000,419.480000000000,1285.002615590000
2016-02-23 20:30:00,419.730000000000,423.960000000000,417.230000000000,423.950000000000,896.079337290000
2016-02-23 20:05:00,416.670000000000,421.540000000000,416.590000000000,419.950000000000,573.729388530000
2016-02-23 16:30:00,420.980000000000,421.700000000000,414.000000000000,419.730000000000,2506.362662840000
2016-02-23 16:05:00,421.170000000000,422.420000000000,414.000000000000,416.670000000000,3000.254174250000
2016-02-23 12:30:00,423.000000000000,423.980000000000,419.860000000000,420.980000000000,1457.436715850000
2016-02-23 12:05:00,422.050000000000,424.610000000000,421.170000000000,421.170000000000,988.696264960000
2016-02-23 08:30:00,421.890000000000,425.800000000000,416.360000000000,423.000000000000,2352.295668760000
2016-02-23 08:05:00,433.920000000000,433.920000000000,416.360000000000,422.050000000000,3605.232174620000
2016-02-23 04:30:00,434.100000000000,435.990000000000,421.500000000000,421.890000000000,2280.142786970000
2016-02-23 04:05:00,438.000000000000,438.300000000000,430.940000000000,433.920000000000,1331.345358940000
2016-02-23 00:05:00,437.990000000000,440.000000000000,437.000000000000,438.000000000000,997.839960570000
2016-02-22 20:05:00,438.500000000000,439.500000000000,435.230000000000,437.990000000000,931.598788200000
2016-02-22 16:05:00,437.970000000000,439.300000000000,436.250000000000,438.500000000000,1319.373317180000
2016-02-22 16:00:00,414.34,414.34,414.34,414.34,0
2016-02-22 12:05:00,436.800000000000,439.000000000000,434.200000000000,437.970000000000,1441.916599900000
2016-02-22 12:00:00,414.34,414.34,414.34,414.34,0
2016-02-22 08:05:00,435.040000000000,438.000000000000,434.480000000000,436.800000000000,704.665999330000
2016-02-22 08:00:00,414.34,414.34,414.34,414.34,0
2016-02-22 04:05:00,436.250000000000,437.500000000000,432.170000000000,435.040000000000,635.537721080000
2016-02-22 04:00:00,414.34,414.34,414.34,414.34,0
2016-02-22 00:05:00,438.690000000000,438.690000000000,431.150000000000,436.250000000000,806.135445480000
2016-02-22 00:00:00,414.34,414.34,414.34,414.34,0
2016-02-21 20:05:00,436.620000000000,438.990000000000,436.450000000000,438.690000000000,704.610288740000
2016-02-21 20:00:00,414.34,414.34,414.34,414.34,0
2016-02-21 16:05:00,432.000000000000,437.610000000000,430.900000000000,436.620000000000,728.613932600000
2016-02-21 16:00:00,414.34,414.34,414.34,414.34,0
2016-02-21 12:05:00,446.000000000000,447.000000000000,426.000000000000,432.000000000000,3971.965442510000
2016-02-21 12:00:00,414.34,414.34,414.34,414.34,0
2016-02-21 08:05:00,447.500000000000,447.990000000000,441.900000000000,446.000000000000,2524.940846340000
2016-02-21 08:00:00,414.34,414.34,414.34,414.34,0
2016-02-21 04:05:00,437.350000000000,447.590000000000,435.790000000000,447.500000000000,1322.097480150000
2016-02-21 04:00:00,414.34,414.34,414.34,414.34,0
2016-02-21 00:05:00,436.790000000000,439.900000000000,434.000000000000,437.350000000000,958.897143050000
2016-02-21 00:00:00,414.34,414.34,414.34,414.34,0
2016-02-20 20:05:00,439.410000000000,441.510000000000,425.980000000000,436.790000000000,2112.980971670000
2016-02-20 20:00:00,414.34,414.34,414.34,414.34,0
2016-02-20 16:05:00,430.000000000000,443.960000000000,429.510000000000,439.410000000000,4694.327269410000
2016-02-20 16:00:00,414.34,414.34,414.34,414.34,0
2016-02-20 12:05:00,429.000000000000,433.370000000000,428.500000000000,430.000000000000,1480.898504580000
2016-02-20 12:00:00,414.34,414.34,414.34,414.34,0
2016-02-20 08:05:00,424.650000000000,430.000000000000,423.520000000000,429.000000000000,2415.585726370000
2016-02-20 08:00:00,414.34,414.34,414.34,414.34,0
2016-02-20 04:05:00,421.000000000000,424.670000000000,420.340000000000,424.650000000000,600.654561190000
2016-02-20 04:00:00,414.34,414.34,414.34,414.34,0
2016-02-20 00:05:00,420.220000000000,421.600000000000,420.030000000000,421.000000000000,379.818515590000
2016-02-20 00:00:00,414.34,414.34,414.34,414.34,0
2016-02-19 20:05:00,418.820000000000,420.220000000000,418.020000000000,420.220000000000,605.291151950000
2016-02-19 20:00:00,414.34,414.34,414.34,414.34,0
2016-02-19 16:05:00,420.710000000000,420.990000000000,416.660000000000,418.820000000000,1056.278784090000
2016-02-19 16:00:00,414.34,414.34,414.34,414.34,0
2016-02-19 12:05:00,418.810000000000,421.710000000000,418.810000000000,420.710000000000,1187.936690660000
2016-02-19 12:00:00,414.34,414.34,414.34,414.34,0
2016-02-19 08:05:00,417.380000000000,419.790000000000,416.290000000000,418.810000000000,896.856973120000
2016-02-19 08:00:00,414.34,414.34,414.34,414.34,0
2016-02-19 04:05:00,421.550000000000,421.980000000000,414.000000000000,417.380000000000,750.494950170000
2016-02-19 04:00:00,414.34,414.34,414.34,414.34,0
2016-02-19 00:05:00,421.140000000000,422.000000000000,419.230000000000,421.550000000000,551.407146280000
2016-02-19 00:00:00,414.34,414.34,414.34,414.34,0
2016-02-18 20:05:00,419.320000000000,421.780000000000,418.850000000000,421.140000000000,1074.049591820000
2016-02-18 20:00:00,414.34,414.34,414.34,414.34,0
2016-02-18 16:05:00,417.230000000000,420.000000000000,416.410000000000,419.320000000000,1494.363447610000
2016-02-18 16:00:00,414.34,414.34,414.34,414.34,0
2016-02-18 12:05:00,423.580000000000,424.800000000000,415.470000000000,417.230000000000,2495.346599020000
2016-02-18 12:00:00,414.34,414.34,414.34,414.34,0
2016-02-18 08:05:00,420.200000000000,424.900000000000,418.820000000000,423.580000000000,2239.477096070000
2016-02-18 08:00:00,414.34,414.34,414.34,414.34,0
2016-02-18 04:05:00,417.040000000000,420.400000000000,416.120000000000,420.200000000000,777.640650080000
2016-02-18 04:00:00,414.34,414.34,414.34,414.34,0
2016-02-18 00:05:00,416.060000000000,418.700000000000,413.400000000000,417.040000000000,448.508857040000
2016-02-18 00:00:00,414.34,414.34,414.34,414.34,0
2016-02-17 20:05:00,420.450000000000,420.990000000000,412.020000000000,416.060000000000,2033.706331120000
2016-02-17 20:00:00,414.34,414.34,414.34,414.34,0
2016-02-17 16:05:00,418.200000000000,421.110000000000,415.220000000000,420.450000000000,2238.046408800000
2016-02-17 16:00:00,414.34,414.34,414.34,414.34,0
2016-02-17 12:05:00,412.340000000000,420.000000000000,411.750000000000,418.200000000000,3597.763169060000
2016-02-17 12:00:00,414.34,414.34,414.34,414.34,0
2016-02-17 08:05:00,410.910000000000,415.510000000000,410.370000000000,412.340000000000,1803.269893450000
2016-02-17 08:00:00,410.93,415.51,410.36,414.34,1544.544959359999980435401
2016-02-17 04:05:00,406.400000000000,411.220000000000,404.100000000000,410.910000000000,1345.958980500000
2016-02-17 04:00:00,406.41,411.22,404.10,410.93,1341.84859386999998962002
2016-02-17 00:05:00,406.750000000000,407.670000000000,404.000000000000,406.400000000000,906.009980340000
2016-02-17 00:00:00,407.51,407.67,404.00,406.41,904.509643419999990037112
2016-02-16 20:05:00,406.900000000000,407.510000000000,403.960000000000,406.750000000000,737.307825760000
2016-02-16 20:00:00,406.80,407.51,403.96,407.51,793.837603840000003437101
2016-02-16 16:05:00,405.430000000000,407.680000000000,404.000000000000,406.900000000000,1594.003743700000
2016-02-16 16:00:00,402.88,407.45,402.88,406.80,149.1605289499999978382
2016-02-16 12:05:00,400.990000000000,407.800000000000,399.070000000000,405.430000000000,4068.514056450000
2016-02-16 12:00:00,402.88,402.88,402.88,402.88,0
2016-02-16 08:05:00,398.550000000000,402.000000000000,396.590000000000,400.990000000000,872.989164140000
2016-02-16 08:00:00,402.88,402.88,402.88,402.88,0
2016-02-16 04:05:00,398.900000000000,399.880000000000,396.000000000000,398.550000000000,504.559247110000
2016-02-16 04:00:00,402.88,402.88,402.88,402.88,0
2016-02-16 00:05:00,399.880000000000,401.560000000000,398.000000000000,398.900000000000,572.113469590000
2016-02-16 00:00:00,402.88,402.88,402.88,402.88,0
2016-02-15 20:05:00,399.470000000000,401.100000000000,393.400000000000,399.880000000000,915.815621910000
2016-02-15 20:00:00,402.88,402.88,402.88,402.88,0
2016-02-15 16:05:00,400.880000000000,403.000000000000,398.380000000000,399.470000000000,881.566508700000
2016-02-15 16:00:00,401.15,402.88,399.00,402.88,491.9592366599999944700302
2016-02-15 12:05:00,398.990000000000,404.890000000000,397.430000000000,400.880000000000,1425.128547250000
2016-02-15 12:00:00,398.73,404.89,396.35,401.15,1461.8846304700000051299392
2016-02-15 08:05:00,404.900000000000,404.980000000000,396.000000000000,398.990000000000,2311.497686470000
2016-02-15 08:00:00,404.04,404.98,396.00,398.73,2268.30999415999999850685
2016-02-15 04:05:00,404.420000000000,405.660000000000,401.470000000000,404.900000000000,548.658957120000
2016-02-15 04:00:00,404.00,405.66,401.47,404.04,576.3238224699999974090
2016-02-15 00:05:00,405.560000000000,409.710000000000,400.070000000000,404.420000000000,1789.092896470000
2016-02-15 00:00:00,405.00,409.71,400.07,404.00,1800.83684881999999959934
2016-02-14 20:05:00,399.820000000000,406.710000000000,397.000000000000,405.560000000000,1642.096781020000
2016-02-14 20:00:00,399.82,406.71,397.00,405.00,1637.6242252400000106908203
2016-02-14 16:05:00,402.550000000000,403.580000000000,399.250000000000,399.820000000000,1346.497776680000
2016-02-14 16:00:00,400.45,403.58,399.25,399.82,1368.81671517000000047938
2016-02-14 12:05:00,399.320000000000,402.590000000000,394.450000000000,402.550000000000,1551.865183260000
2016-02-14 12:00:00,399.32,401.20,394.45,400.45,1505.3547214699999993175618
2016-02-14 08:05:00,397.220000000000,401.220000000000,396.640000000000,399.320000000000,1699.285302030000
2016-02-14 08:00:00,396.63,401.22,396.63,399.32,1687.88005093999999897137
2016-02-14 04:05:00,396.750000000000,398.870000000000,392.170000000000,397.220000000000,1320.732499610000
2016-02-14 04:00:00,396.41,398.87,392.17,396.63,1326.4088840099999992640186
2016-02-14 00:05:00,392.750000000000,397.700000000000,390.590000000000,396.750000000000,2077.136351010000
2016-02-14 00:00:00,390.99,397.70,390.59,396.41,2232.308114489999988756842
2016-02-13 20:05:00,389.390000000000,392.750000000000,388.120000000000,392.750000000000,1196.986402210000
2016-02-13 20:00:00,389.34,390.99,388.12,390.99,1039.1413787999999981427998
2016-02-13 16:05:00,387.000000000000,389.750000000000,386.850000000000,389.390000000000,862.024702120000
2016-02-13 16:00:00,387.90,389.75,386.85,389.34,874.1188889400000004969002
2016-02-13 12:05:00,388.340000000000,388.900000000000,386.620000000000,387.000000000000,858.428078700000
2016-02-13 12:00:00,388.20,388.90,386.62,387.90,851.1874349399999967374296
2016-02-13 08:05:00,388.530000000000,389.350000000000,382.000000000000,388.340000000000,1655.151102110000
2016-02-13 08:00:00,387.89,389.35,382.00,388.20,1664.69641428000000607899
2016-02-13 04:05:00,387.060000000000,388.720000000000,386.820000000000,388.530000000000,1080.260136420000
2016-02-13 04:00:00,386.81,388.72,386.81,387.89,1297.23448350999999238194
2016-02-13 00:05:00,382.730000000000,387.100000000000,382.320000000000,387.060000000000,1754.455037710000
2016-02-13 00:00:00,383.27,386.81,382.32,386.81,1598.5877408699999838440782
2016-02-12 20:05:00,380.820000000000,383.480000000000,380.520000000000,382.730000000000,1017.487028500000
2016-02-12 20:00:00,381.33,383.48,380.52,383.27,939.64661329999999962969
2016-02-12 16:05:00,382.460000000000,382.550000000000,380.520000000000,380.820000000000,1358.524935180000
2016-02-12 16:00:00,382.25,382.55,380.52,381.33,1359.82682063000000057391
2016-02-12 12:05:00,380.400000000000,383.000000000000,379.180000000000,382.460000000000,1501.782970330000
2016-02-12 12:00:00,380.64,383.00,379.18,382.25,1510.9663260200000057025999
2016-02-12 08:05:00,379.470000000000,381.500000000000,379.010000000000,380.400000000000,869.911134300000
2016-02-12 08:00:00,378.61,381.50,378.61,380.64,857.5619532600000071907002
2016-02-12 04:05:00,378.600000000000,380.000000000000,377.860000000000,379.470000000000,720.997463230000
2016-02-12 04:00:00,378.58,380.00,377.50,378.61,725.14718367999999698663
2016-02-12 00:05:00,377.980000000000,379.190000000000,377.070000000000,378.600000000000,605.624366660000
2016-02-12 00:00:00,377.98,379.19,377.07,378.58,602.943464570000004789088
2016-02-11 20:05:00,373.690000000000,379.150000000000,373.540000000000,377.980000000000,1708.722473260000
2016-02-11 20:00:00,373.85,379.15,373.54,377.98,1750.3879836099999988036002
2016-02-11 16:05:00,377.310000000000,377.530000000000,373.690000000000,373.690000000000,1453.555689360000
2016-02-11 16:00:00,377.35,377.53,373.85,373.85,1440.8902994599999985009997
2016-02-11 12:05:00,378.600000000000,380.000000000000,375.000000000000,377.310000000000,2064.771223960000
2016-02-11 12:00:00,379.53,380.00,375.00,377.35,2052.67233017999999436423
2016-02-11 08:05:00,378.000000000000,379.650000000000,375.570000000000,378.600000000000,1093.997519060000
2016-02-11 08:00:00,378.85,379.65,375.57,379.53,1076.0529369300000042826
2016-02-11 04:05:00,379.520000000000,379.520000000000,377.180000000000,378.000000000000,646.119326500000
2016-02-11 04:00:00,379.00,379.58,377.18,378.85,654.12831587000000459042
2016-02-11 00:05:00,378.940000000000,380.500000000000,377.820000000000,379.520000000000,475.531628100000
2016-02-11 00:00:00,379.66,380.50,377.82,379.00,497.82852403999999831222009
2016-02-10 20:05:00,379.500000000000,381.300000000000,377.820000000000,378.940000000000,615.518057950000
2016-02-10 20:00:00,379.50,381.30,377.82,379.66,595.209160269999996034430
2016-02-10 16:05:00,380.500000000000,383.000000000000,376.200000000000,379.500000000000,2223.964720010000
2016-02-10 16:00:00,379.82,383.00,376.20,379.50,2233.630976529999999553934
2016-02-10 12:05:00,376.850000000000,383.850000000000,375.870000000000,380.500000000000,3953.364339370000
2016-02-10 12:00:00,377.58,383.85,375.87,379.82,4016.32731660000002677362
2016-02-10 08:05:00,376.500000000000,379.000000000000,376.370000000000,376.850000000000,1496.627951450000
2016-02-10 08:00:00,376.50,379.00,376.50,377.58,1435.83120497999999392512
2016-02-10 04:05:00,374.400000000000,377.010000000000,373.290000000000,376.500000000000,1138.328621650000
2016-02-10 04:00:00,374.49,377.01,373.29,376.50,1119.53690844000000436689
2016-02-10 00:05:00,373.420000000000,374.500000000000,372.120000000000,374.400000000000,609.131218540000
2016-02-10 00:00:00,373.20,374.50,372.12,374.49,606.097725710000003128
2016-02-09 20:05:00,374.040000000000,374.990000000000,372.110000000000,373.420000000000,732.141159530000
2016-02-09 20:00:00,373.25,374.99,372.11,373.20,593.645807450000006091
2016-02-09 16:05:00,374.500000000000,374.950000000000,372.610000000000,374.040000000000,865.981331690000
2016-02-09 12:05:00,373.220000000000,377.000000000000,373.210000000000,374.500000000000,1928.640322970000
2016-02-09 08:05:00,371.000000000000,374.000000000000,371.000000000000,373.220000000000,507.008482240000
2016-02-09 04:05:00,372.680000000000,373.000000000000,369.120000000000,371.000000000000,927.611645670000
2016-02-09 00:05:00,371.400000000000,373.000000000000,370.870000000000,372.680000000000,817.614094070000
2016-02-08 20:05:00,371.480000000000,373.000000000000,369.990000000000,371.400000000000,1775.838523510000
2016-02-08 16:05:00,375.720000000000,377.420000000000,370.610000000000,371.480000000000,2451.538103720000
2016-02-08 12:05:00,377.850000000000,377.910000000000,374.220000000000,375.720000000000,1304.222244540000
2016-02-08 08:05:00,378.770000000000,378.990000000000,376.510000000000,377.850000000000,944.382536920000
2016-02-08 04:05:00,376.120000000000,378.850000000000,375.670000000000,378.770000000000,267.039018270000
2016-02-08 00:05:00,374.580000000000,377.390000000000,374.580000000000,376.120000000000,198.345506470000
2016-02-07 20:05:00,374.480000000000,375.600000000000,373.040000000000,374.580000000000,564.058888650000
2016-02-07 16:05:00,375.610000000000,377.370000000000,373.290000000000,374.480000000000,398.090904400000
2016-02-07 12:05:00,378.360000000000,380.000000000000,375.330000000000,375.610000000000,879.793143820000
2016-02-07 08:05:00,375.000000000000,378.360000000000,373.400000000000,378.360000000000,489.926304400000
2016-02-07 04:05:00,377.100000000000,377.140000000000,374.470000000000,375.000000000000,161.817651550000
2016-02-07 00:05:00,375.390000000000,377.330000000000,373.230000000000,377.100000000000,391.727586590000
2016-02-06 20:05:00,374.900000000000,376.500000000000,374.000000000000,375.390000000000,423.077928520000
2016-02-06 16:05:00,375.870000000000,376.480000000000,372.550000000000,374.900000000000,991.912344590000
2016-02-06 12:05:00,375.510000000000,377.400000000000,374.000000000000,375.870000000000,441.624889710000
2016-02-06 08:05:00,375.600000000000,377.060000000000,374.370000000000,375.510000000000,728.155750810000
2016-02-06 04:05:00,378.740000000000,379.260000000000,371.350000000000,375.600000000000,1307.977333820000
2016-02-06 00:05:00,384.970000000000,384.980000000000,375.110000000000,378.740000000000,1741.398816710000
2016-02-05 20:05:00,386.500000000000,386.690000000000,382.990000000000,384.970000000000,1049.709076330000
2016-02-05 16:05:00,388.500000000000,388.980000000000,384.710000000000,386.500000000000,1263.363854690000
2016-02-05 12:05:00,389.240000000000,389.500000000000,387.350000000000,388.500000000000,2217.713905390000
2016-02-05 08:05:00,386.210000000000,389.240000000000,385.930000000000,389.240000000000,977.205136420000
2016-02-05 04:05:00,387.610000000000,387.710000000000,384.710000000000,386.210000000000,855.974457480000
2016-02-05 00:05:00,386.620000000000,389.140000000000,385.200000000000,387.610000000000,1039.888657760000
2016-02-04 20:05:00,385.020000000000,391.880000000000,385.000000000000,386.620000000000,3660.110262350000
2016-02-04 16:05:00,385.240000000000,389.990000000000,383.420000000000,385.020000000000,2727.784223950000
2016-02-04 12:05:00,373.790000000000,385.950000000000,372.560000000000,385.240000000000,5038.704797150000
2016-02-04 08:05:00,372.320000000000,373.800000000000,371.440000000000,373.790000000000,779.891790910000
2016-02-04 04:05:00,370.070000000000,372.480000000000,369.750000000000,372.320000000000,464.905860100000
2016-02-04 00:05:00,368.500000000000,371.370000000000,367.950000000000,370.070000000000,793.314592570000
2016-02-03 20:05:00,370.520000000000,370.730000000000,365.000000000000,368.500000000000,1504.030021370000
2016-02-03 16:05:00,370.820000000000,371.270000000000,367.170000000000,370.520000000000,1601.751782660000
2016-02-03 12:05:00,369.000000000000,372.600000000000,367.820000000000,370.820000000000,1511.526654520000
2016-02-03 08:05:00,373.500000000000,374.000000000000,367.170000000000,369.000000000000,1250.316518290000
2016-02-03 04:05:00,372.870000000000,373.500000000000,371.120000000000,373.500000000000,253.872456150000
2016-02-03 00:05:00,373.100000000000,373.500000000000,369.160000000000,372.870000000000,1038.844850010000
2016-02-02 20:05:00,372.670000000000,373.980000000000,371.880000000000,373.100000000000,701.653996660000
2016-02-02 16:05:00,375.000000000000,375.000000000000,370.930000000000,372.670000000000,1022.076699760000
2016-02-02 12:05:00,372.170000000000,375.000000000000,371.000000000000,375.000000000000,1759.395353080000
2016-02-02 08:05:00,373.230000000000,375.000000000000,369.730000000000,372.170000000000,981.680223410000
2016-02-02 04:05:00,372.170000000000,375.000000000000,372.130000000000,373.230000000000,510.769094500000
2016-02-02 00:05:00,371.730000000000,373.310000000000,371.460000000000,372.170000000000,743.786750810000
2016-02-01 20:05:00,371.040000000000,372.000000000000,369.060000000000,371.730000000000,1125.329419900000
2016-02-01 16:05:00,374.470000000000,375.300000000000,369.450000000000,371.040000000000,1311.061939980000
2016-02-01 12:05:00,376.080000000000,376.470000000000,372.450000000000,374.470000000000,1488.575157770000
2016-02-01 08:05:00,373.750000000000,378.200000000000,368.800000000000,376.080000000000,1971.987617190000
2016-02-01 04:05:00,372.000000000000,373.750000000000,371.200000000000,373.750000000000,472.984458470000
2016-02-01 00:05:00,369.290000000000,372.500000000000,366.530000000000,372.000000000000,848.004305990000
2016-01-31 20:05:00,376.810000000000,377.740000000000,364.700000000000,369.290000000000,1813.604299560000
2016-01-31 16:05:00,377.290000000000,377.900000000000,375.000000000000,376.810000000000,332.421353500000
2016-01-31 12:05:00,378.310000000000,379.150000000000,372.720000000000,377.290000000000,766.892417610000
2016-01-31 08:05:00,377.790000000000,379.300000000000,376.100000000000,378.310000000000,668.519111640000
2016-01-31 04:05:00,377.570000000000,379.000000000000,376.100000000000,377.790000000000,220.693280120000
2016-01-31 00:05:00,376.610000000000,378.730000000000,375.060000000000,377.570000000000,403.933541610000
2016-01-30 20:05:00,377.120000000000,380.370000000000,372.950000000000,376.610000000000,786.783885260000
2016-01-30 16:05:00,379.100000000000,379.400000000000,374.780000000000,377.120000000000,411.662819360000
2016-01-30 12:05:00,377.250000000000,379.100000000000,375.490000000000,379.100000000000,391.403533180000
2016-01-30 08:05:00,378.490000000000,379.420000000000,376.970000000000,377.250000000000,150.576362050000
2016-01-30 04:05:00,375.000000000000,380.420000000000,374.550000000000,378.490000000000,488.427665060000
2016-01-30 00:05:00,378.020000000000,380.000000000000,375.000000000000,375.000000000000,348.703702790000
2016-01-29 20:05:00,375.810000000000,380.000000000000,372.000000000000,378.020000000000,1673.832205880000
2016-01-29 16:05:00,379.000000000000,380.470000000000,375.380000000000,375.810000000000,1942.186064980000
2016-01-29 12:05:00,381.240000000000,383.050000000000,376.610000000000,379.000000000000,1778.657872370000
2016-01-29 08:05:00,375.750000000000,383.990000000000,372.580000000000,381.240000000000,2929.916978940000
2016-01-29 04:05:00,368.670000000000,377.530000000000,368.530000000000,375.750000000000,1691.946887120000
2016-01-29 00:05:00,379.230000000000,379.230000000000,363.730000000000,368.670000000000,3534.134903680000
2016-01-28 20:05:00,382.530000000000,383.290000000000,378.010000000000,379.230000000000,1021.481957440000
2016-01-28 16:05:00,382.840000000000,383.480000000000,379.490000000000,382.530000000000,1007.141526140000
2016-01-28 12:05:00,382.130000000000,384.390000000000,380.860000000000,382.840000000000,1258.482525600000
2016-01-28 08:05:00,381.870000000000,383.370000000000,379.530000000000,382.130000000000,981.579619100000
2016-01-28 04:05:00,381.280000000000,381.870000000000,376.360000000000,381.870000000000,3025.576353870000
2016-01-28 00:05:00,395.000000000000,395.560000000000,376.000000000000,381.280000000000,4120.268354190000
2016-01-27 20:05:00,395.970000000000,396.120000000000,393.680000000000,395.000000000000,552.253979060000
2016-01-27 16:05:00,393.910000000000,395.980000000000,392.780000000000,395.970000000000,867.108663280000
2016-01-27 12:05:00,394.050000000000,395.580000000000,393.000000000000,393.910000000000,830.493411000000
2016-01-27 12:00:00,394.57999999999998,394.57999999999998,394.57999999999998,394.57999999999998,0
2016-01-27 08:05:00,395.020000000000,395.920000000000,392.820000000000,394.050000000000,772.000138560000
2016-01-27 08:00:00,395.01999999999998,395.92000000000002,392.81999999999999,394.57999999999998,580.2609035499999980835003
2016-01-27 04:05:00,392.140000000000,397.000000000000,391.570000000000,395.020000000000,865.858005750000
2016-01-27 04:00:00,392.43000000000001,397.0,391.56999999999999,395.01999999999998,852.59653039999999894867
2016-01-27 00:05:00,392.080000000000,393.140000000000,390.310000000000,392.140000000000,369.609871790000
2016-01-27 00:00:00,391.76999999999998,393.13999999999999,390.31,392.43000000000001,373.5236641499999964770749
2016-01-26 20:05:00,393.480000000000,396.000000000000,386.200000000000,392.080000000000,1877.543778760000
2016-01-26 20:00:00,393.41000000000003,396.0,386.19999999999999,391.76999999999998,1606.46638062000001052437
2016-01-26 16:05:00,392.460000000000,395.000000000000,392.000000000000,393.480000000000,937.408800240000
2016-01-26 12:05:00,393.870000000000,396.220000000000,390.020000000000,392.460000000000,1495.325372310000
2016-01-26 08:05:00,391.830000000000,397.700000000000,390.810000000000,393.870000000000,1288.221699800000
2016-01-26 04:05:00,389.290000000000,392.720000000000,389.040000000000,391.830000000000,447.401875560000
2016-01-26 00:05:00,391.110000000000,393.260000000000,388.000000000000,389.290000000000,531.493957040000
2016-01-25 20:05:00,389.980000000000,393.810000000000,388.690000000000,391.110000000000,974.182947030000
2016-01-25 16:05:00,390.050000000000,394.410000000000,385.500000000000,389.980000000000,2432.271833780000
2016-01-25 16:00:00,396.75,396.85,385.50,390.83,2649.33619554
2016-01-25 12:05:00,396.120000000000,399.770000000000,390.050000000000,390.050000000000,1423.225095430000
2016-01-25 12:00:00,396.45,399.77,393.00,396.75,1243.94195799
2016-01-25 08:05:00,399.010000000000,402.120000000000,392.170000000000,396.120000000000,1919.452270200000
2016-01-25 08:00:00,398.87,402.12,392.17,396.45,1858.62943120
2016-01-25 04:05:00,397.780000000000,399.800000000000,394.560000000000,399.010000000000,583.905301400000
2016-01-25 04:00:00,397.78,399.80,394.56,398.87,585.66809335
2016-01-25 00:05:00,402.140000000000,402.140000000000,395.110000000000,397.780000000000,715.123050510000
2016-01-25 00:00:00,402.16,402.31,395.11,397.78,724.52825338
2016-01-24 20:05:00,404.850000000000,405.970000000000,399.920000000000,402.140000000000,842.019997940000
2016-01-24 20:00:00,404.39,405.97,399.92,402.16,845.96069104
2016-01-24 16:05:00,404.950000000000,405.550000000000,399.780000000000,404.850000000000,1195.652078610000
2016-01-24 16:00:00,400.20,405.55,399.78,404.39,1576.22062337
2016-01-24 12:05:00,398.630000000000,404.990000000000,394.080000000000,404.950000000000,1736.175069360000
2016-01-24 12:00:00,398.77,402.94,394.08,400.20,1365.83874605
2016-01-24 08:05:00,386.920000000000,402.520000000000,386.790000000000,398.630000000000,1153.132550400000
2016-01-24 08:00:00,388.52,402.52,386.79,398.77,1131.79510804
2016-01-24 04:05:00,388.640000000000,389.300000000000,386.270000000000,386.920000000000,243.907917750000
2016-01-24 04:00:00,388.00,389.30,386.27,388.52,238.75799838
2016-01-24 00:05:00,387.090000000000,390.430000000000,385.770000000000,388.640000000000,263.879973620000
2016-01-24 00:00:00,386.40,390.43,385.36,388.00,290.27204632
2016-01-23 20:05:00,388.790000000000,391.840000000000,382.880000000000,387.090000000000,1196.965029950000
2016-01-23 20:00:00,389.54,391.84,382.88,386.40,1178.25621066
2016-01-23 16:05:00,389.980000000000,393.310000000000,387.140000000000,388.790000000000,1139.522870450000
2016-01-23 16:00:00,385.20,393.31,385.20,389.54,1420.05040200
2016-01-23 12:05:00,388.820000000000,390.750000000000,381.050000000000,389.980000000000,1612.145699760000
2016-01-23 12:00:00,388.36,390.75,381.05,386.00,1336.19162881
2016-01-23 08:05:00,389.820000000000,392.280000000000,386.610000000000,388.820000000000,523.606473360000
2016-01-23 08:00:00,390.70,392.28,386.61,388.36,545.66102570
2016-01-23 04:05:00,388.240000000000,395.000000000000,387.120000000000,389.820000000000,855.798334820000
2016-01-23 04:00:00,388.24,395.00,387.12,390.70,823.83202649
2016-01-23 00:05:00,382.450000000000,391.860000000000,381.730000000000,388.240000000000,2342.521840900000
2016-01-23 00:00:00,382.55,391.86,381.73,388.24,2360.89963421
2016-01-22 20:05:00,380.900000000000,384.360000000000,374.450000000000,382.450000000000,3048.055478230000
2016-01-22 20:00:00,377.56,384.36,375.52,382.55,1348.01065570
2016-01-22 16:05:00,395.360000000000,395.360000000000,380.000000000000,380.900000000000,4949.334041050000
2016-01-22 16:00:00,395.66,395.88,380.01,381.45,4860.08588113
2016-01-22 12:05:00,392.700000000000,398.160000000000,390.700000000000,395.360000000000,1244.755565440000
2016-01-22 12:00:00,391.05,398.16,389.27,395.66,1340.02552653
2016-01-22 08:05:00,398.920000000000,401.000000000000,388.320000000000,392.700000000000,1607.435961900000
2016-01-22 08:00:00,394.00,401.00,388.32,391.05,1629.14248331
2016-01-22 04:05:00,401.680000000000,404.260000000000,393.700000000000,398.920000000000,2554.690841690000
2016-01-22 04:00:00,403.35,404.26,393.70,394.00,2589.72986760
2016-01-22 00:05:00,409.490000000000,410.070000000000,401.090000000000,401.680000000000,1356.416358450000
2016-01-22 00:00:00,409.53,410.07,401.09,403.35,1204.77578713
2016-01-21 20:05:00,409.550000000000,413.080000000000,404.590000000000,409.490000000000,1295.478726100000
2016-01-21 20:00:00,408.24,410.43,407.00,409.59,53.19935453
2016-01-21 16:05:00,412.610000000000,414.180000000000,405.030000000000,409.550000000000,2506.033843260000
2016-01-21 16:00:00,409.77,410.12,406.83,409.49,495.73499409
2016-01-21 12:05:00,413.240000000000,416.650000000000,412.000000000000,412.610000000000,1454.256679690000
2016-01-21 12:00:00,412.38,416.65,412.01,415.02,1266.82151885
2016-01-21 08:05:00,413.010000000000,420.000000000000,411.290000000000,413.240000000000,2115.865822270000
2016-01-21 08:00:00,413.00,420.00,411.29,413.47,2117.77581567
2016-01-21 04:05:00,416.450000000000,417.690000000000,410.640000000000,413.010000000000,794.086307490000
2016-01-21 04:00:00,416.60,417.69,410.64,413.00,772.68609331
2016-01-21 00:05:00,418.650000000000,421.250000000000,415.550000000000,416.450000000000,1156.970009170000
2016-01-21 00:00:00,416.32,421.25,415.55,416.60,1245.56239430
2016-01-20 20:05:00,410.480000000000,422.980000000000,405.560000000000,418.650000000000,4615.090126700000
2016-01-20 20:00:00,409.31,422.98,405.56,416.32,4521.81947864
2016-01-20 16:05:00,409.500000000000,412.700000000000,402.200000000000,410.480000000000,3890.615399750000
2016-01-20 16:00:00,412.62,412.78,402.20,409.31,4049.71395611
2016-01-20 12:05:00,378.200000000000,415.000000000000,375.750000000000,409.500000000000,12451.657162700000
2016-01-20 12:00:00,377.75,415.00,375.75,411.64,12300.56941141
2016-01-20 08:05:00,376.070000000000,378.760000000000,374.980000000000,378.200000000000,785.936675660000
2016-01-20 08:00:00,375.05,378.76,374.98,377.75,774.68202209
2016-01-20 04:05:00,376.500000000000,378.760000000000,373.350000000000,376.070000000000,1338.448967620000
2016-01-20 04:00:00,376.50,378.76,373.35,375.05,1347.14493337
2016-01-20 00:05:00,376.200000000000,377.710000000000,372.530000000000,376.500000000000,2083.946265550000
2016-01-20 00:00:00,376.30,376.50,372.53,376.50,492.23911177
2016-01-19 20:05:00,379.860000000000,381.030000000000,376.000000000000,376.200000000000,1402.403250840000
2016-01-19 16:05:00,382.940000000000,383.000000000000,375.590000000000,379.860000000000,2327.395234770000
2016-01-19 12:05:00,383.800000000000,386.920000000000,381.390000000000,382.940000000000,1794.352497810000
2016-01-19 08:05:00,383.880000000000,385.630000000000,383.400000000000,383.800000000000,772.147937190000
2016-01-19 04:05:00,383.490000000000,386.430000000000,381.790000000000,383.880000000000,519.470793510000
2016-01-19 00:05:00,385.470000000000,386.180000000000,381.450000000000,383.490000000000,510.934872820000
2016-01-18 20:05:00,383.980000000000,386.920000000000,382.710000000000,385.470000000000,852.118418380000
2016-01-18 16:05:00,385.380000000000,386.700000000000,381.850000000000,383.980000000000,1081.754179980000
2016-01-18 12:05:00,380.160000000000,388.500000000000,379.110000000000,385.380000000000,1927.034414850000
2016-01-18 08:05:00,376.260000000000,383.080000000000,374.750000000000,380.160000000000,1527.161098120000
2016-01-18 04:05:00,380.190000000000,380.900000000000,373.630000000000,376.260000000000,1182.512244810000
2016-01-18 00:05:00,379.910000000000,382.170000000000,379.340000000000,380.190000000000,435.219812330000
2016-01-17 20:05:00,385.980000000000,387.730000000000,376.000000000000,379.910000000000,1667.370762660000
2016-01-17 16:05:00,385.210000000000,387.750000000000,382.100000000000,385.980000000000,1015.216974990000
2016-01-17 12:05:00,380.520000000000,386.800000000000,379.550000000000,385.210000000000,779.731078290000
2016-01-17 08:05:00,379.400000000000,384.940000000000,376.000000000000,380.520000000000,1702.331930130000
2016-01-17 04:05:00,382.950000000000,385.100000000000,376.010000000000,379.400000000000,1386.892934390000
2016-01-17 00:05:00,385.400000000000,391.140000000000,381.470000000000,382.950000000000,1698.233986640000
2016-01-16 20:05:00,382.000000000000,392.070000000000,378.050000000000,385.400000000000,5760.880721940000
2016-01-16 16:05:00,370.020000000000,384.800000000000,366.700000000000,382.000000000000,3638.355731990000
2016-01-16 12:05:00,369.430000000000,373.510000000000,366.060000000000,370.020000000000,4894.779416370000
2016-01-16 08:05:00,354.160000000000,373.970000000000,352.000000000000,369.430000000000,4653.944151030000
2016-01-16 04:05:00,371.090000000000,375.050000000000,352.140000000000,354.160000000000,2982.640661680000
2016-01-16 00:05:00,365.100000000000,379.880000000000,361.000000000000,371.090000000000,2976.634090100000
2016-01-15 20:05:00,388.100000000000,392.600000000000,360.000000000000,365.100000000000,8430.303653590000
2016-01-15 16:05:00,393.000000000000,394.840000000000,382.780000000000,388.100000000000,4542.510202740000
2016-01-15 12:05:00,405.040000000000,406.280000000000,381.350000000000,393.000000000000,11748.627805660000
2016-01-15 08:05:00,410.630000000000,412.020000000000,400.760000000000,405.040000000000,4880.078966440000
2016-01-15 04:05:00,416.020000000000,418.110000000000,407.160000000000,410.630000000000,4827.219522000000
2016-01-15 00:05:00,429.800000000000,429.800000000000,415.040000000000,416.020000000000,3179.428313680000
2016-01-14 20:05:00,431.790000000000,432.100000000000,428.010000000000,429.800000000000,923.034827970000
2016-01-14 16:05:00,430.950000000000,432.100000000000,429.450000000000,431.790000000000,824.618502630000
2016-01-14 12:05:00,429.190000000000,431.860000000000,429.030000000000,430.950000000000,710.813885370000
2016-01-14 08:05:00,429.000000000000,430.680000000000,427.000000000000,429.190000000000,784.296792540000
2016-01-14 04:05:00,431.560000000000,431.650000000000,427.160000000000,429.000000000000,445.962000340000
2016-01-14 00:05:00,432.700000000000,434.000000000000,429.960000000000,431.560000000000,727.466748860000
2016-01-13 20:05:00,429.810000000000,433.090000000000,427.860000000000,432.700000000000,942.941524310000
2016-01-13 16:05:00,429.820000000000,431.250000000000,427.720000000000,429.810000000000,744.779181350000
2016-01-13 12:05:00,428.490000000000,430.250000000000,424.500000000000,429.820000000000,1963.797338640000
2016-01-13 08:05:00,432.840000000000,433.000000000000,426.850000000000,428.490000000000,1511.198167040000
2016-01-13 04:05:00,431.320000000000,433.050000000000,428.000000000000,432.840000000000,1371.751589160000
2016-01-13 00:05:00,435.510000000000,438.350000000000,425.010000000000,431.320000000000,3431.384922090000
2016-01-12 20:05:00,447.210000000000,447.340000000000,432.500000000000,435.510000000000,3477.839999020000
2016-01-12 16:05:00,446.250000000000,447.210000000000,445.200000000000,447.210000000000,901.466645820000
2016-01-12 12:05:00,444.860000000000,447.040000000000,444.000000000000,446.250000000000,1051.383104610000
2016-01-12 08:05:00,445.770000000000,446.520000000000,443.400000000000,444.860000000000,645.879928690000
2016-01-12 04:05:00,446.750000000000,446.870000000000,442.880000000000,445.770000000000,465.113756280000
2016-01-12 00:05:00,448.000000000000,448.000000000000,443.650000000000,446.750000000000,488.041539380000
2016-01-11 20:05:00,446.990000000000,449.000000000000,446.500000000000,448.000000000000,649.830224700000
2016-01-11 16:05:00,445.910000000000,448.520000000000,444.590000000000,446.990000000000,1088.328305940000
2016-01-11 12:05:00,444.870000000000,446.510000000000,443.210000000000,445.910000000000,759.246697330000
2016-01-11 08:05:00,443.050000000000,445.000000000000,440.240000000000,444.870000000000,907.814838820000
2016-01-11 04:05:00,450.160000000000,450.990000000000,438.000000000000,443.050000000000,3635.004172060000
2016-01-11 00:05:00,449.570000000000,451.130000000000,447.760000000000,450.160000000000,904.314348690000
2016-01-10 20:05:00,445.530000000000,449.860000000000,444.000000000000,449.570000000000,488.752276450000
2016-01-10 16:05:00,443.970000000000,448.000000000000,442.770000000000,445.530000000000,835.490332280000
2016-01-10 12:05:00,442.180000000000,444.000000000000,440.800000000000,443.970000000000,873.241016040000
2016-01-10 08:05:00,446.330000000000,446.370000000000,441.120000000000,442.180000000000,808.732803310000
2016-01-10 04:05:00,445.200000000000,446.400000000000,444.390000000000,446.330000000000,162.794404210000
2016-01-10 00:05:00,449.460000000000,449.890000000000,443.360000000000,445.200000000000,956.915085020000
2016-01-09 20:05:00,451.220000000000,452.990000000000,448.010000000000,449.460000000000,723.101012800000
2016-01-09 16:05:00,449.730000000000,452.230000000000,449.000000000000,451.220000000000,542.517000810000
2016-01-09 12:05:00,449.830000000000,449.830000000000,446.680000000000,449.730000000000,954.663547540000
2016-01-09 08:05:00,450.000000000000,451.210000000000,447.120000000000,449.830000000000,853.439141540000
2016-01-09 04:05:00,452.210000000000,452.210000000000,446.680000000000,450.000000000000,659.492218410000
2016-01-09 00:05:00,452.700000000000,454.000000000000,451.150000000000,452.210000000000,671.792102840000
2016-01-08 20:05:00,450.450000000000,453.770000000000,450.130000000000,452.700000000000,661.606953730000
2016-01-08 16:05:00,455.000000000000,455.290000000000,444.510000000000,450.450000000000,3310.007506520000
2016-01-08 12:05:00,454.680000000000,456.670000000000,452.880000000000,455.000000000000,940.518393690000
2016-01-08 08:05:00,451.310000000000,457.470000000000,451.310000000000,454.680000000000,1091.855136620000
2016-01-08 04:05:00,456.020000000000,456.780000000000,450.000000000000,451.310000000000,1289.995668890000
2016-01-08 00:05:00,456.920000000000,465.000000000000,452.350000000000,456.020000000000,2930.865079870000
2016-01-07 20:05:00,454.880000000000,459.160000000000,453.100000000000,456.920000000000,2140.288478500000
2016-01-07 16:05:00,454.500000000000,457.140000000000,451.650000000000,454.880000000000,1840.909300010000
2016-01-07 12:05:00,450.280000000000,455.470000000000,449.490000000000,454.500000000000,3033.681078190000
2016-01-07 08:05:00,449.000000000000,451.960000000000,445.000000000000,450.280000000000,2238.739714370000
2016-01-07 04:05:00,441.580000000000,451.000000000000,439.030000000000,449.000000000000,4002.458566450000
2016-01-07 00:05:00,430.100000000000,442.990000000000,429.250000000000,441.580000000000,3609.054967340000
2016-01-06 20:05:00,430.450000000000,431.950000000000,429.110000000000,430.100000000000,591.779790760000
2016-01-06 16:05:00,430.300000000000,431.140000000000,429.750000000000,430.450000000000,818.846191810000
2016-01-06 12:05:00,430.530000000000,431.550000000000,430.090000000000,430.300000000000,580.985794740000
2016-01-06 08:05:00,429.860000000000,432.670000000000,429.130000000000,430.530000000000,1435.947371600000
2016-01-06 04:05:00,427.320000000000,431.500000000000,426.640000000000,429.860000000000,785.338904520000
2016-01-06 00:05:00,432.380000000000,432.450000000000,426.540000000000,427.320000000000,1281.368002230000
2016-01-05 20:05:00,432.100000000000,432.600000000000,431.130000000000,432.380000000000,305.553574390000
2016-01-05 16:05:00,433.200000000000,433.220000000000,429.990000000000,432.100000000000,1356.356301810000
2016-01-05 12:05:00,431.230000000000,433.220000000000,429.500000000000,433.200000000000,736.377030360000
2016-01-05 08:05:00,432.570000000000,433.120000000000,430.200000000000,431.230000000000,740.467391990000
2016-01-05 04:05:00,433.870000000000,434.760000000000,432.500000000000,432.570000000000,287.848771540000
2016-01-05 00:05:00,432.680000000000,435.390000000000,432.680000000000,433.870000000000,457.522365810000
2016-01-04 20:05:00,433.110000000000,435.860000000000,432.000000000000,432.680000000000,1609.794013200000
2016-01-04 16:05:00,432.620000000000,434.600000000000,431.790000000000,433.110000000000,1047.197997590000
2016-01-04 12:05:00,431.880000000000,435.350000000000,430.250000000000,432.620000000000,1549.963022940000
2016-01-04 08:05:00,431.940000000000,432.160000000000,429.680000000000,431.880000000000,764.747817330000
2016-01-04 04:05:00,431.600000000000,431.950000000000,430.050000000000,431.940000000000,226.074235130000
2016-01-04 00:05:00,431.850000000000,432.430000000000,428.440000000000,431.600000000000,519.326026930000
2016-01-03 20:05:00,424.220000000000,431.850000000000,424.220000000000,431.850000000000,887.588607100000
2016-01-03 16:05:00,426.780000000000,428.780000000000,424.060000000000,424.220000000000,899.925838190000
2016-01-03 12:05:00,430.020000000000,431.220000000000,425.750000000000,426.780000000000,998.394305410000
2016-01-03 08:05:00,430.260000000000,431.380000000000,430.000000000000,430.020000000000,489.136676620000
2016-01-03 04:05:00,431.210000000000,432.870000000000,429.560000000000,430.260000000000,347.429038270000
2016-01-03 00:05:00,433.530000000000,434.090000000000,429.030000000000,431.210000000000,959.077608850000
2016-01-02 20:05:00,432.370000000000,434.200000000000,432.000000000000,433.530000000000,395.444965380000
2016-01-02 16:05:00,432.320000000000,434.970000000000,432.050000000000,432.370000000000,802.833542110000
2016-01-02 12:05:00,432.150000000000,432.940000000000,430.420000000000,432.320000000000,430.795608050000
2016-01-02 08:05:00,432.810000000000,434.330000000000,431.650000000000,432.150000000000,275.503866750000
2016-01-02 04:05:00,433.940000000000,434.810000000000,431.620000000000,432.810000000000,260.452193220000
2016-01-02 00:05:00,434.870000000000,435.990000000000,431.500000000000,433.940000000000,810.824194540000
2016-01-01 20:05:00,433.590000000000,435.000000000000,432.110000000000,434.870000000000,603.416554330000
2016-01-01 16:05:00,432.190000000000,434.980000000000,431.780000000000,433.590000000000,487.043494160000
2016-01-01 12:05:00,433.200000000000,434.960000000000,427.200000000000,432.190000000000,577.999757400000
2016-01-01 08:05:00,432.050000000000,434.190000000000,431.000000000000,433.200000000000,551.428998450000
2016-01-01 04:05:00,432.650000000000,436.000000000000,430.080000000000,432.050000000000,1407.485784430000
2016-01-01 00:05:00,430.890000000000,433.400000000000,429.080000000000,432.650000000000,159.605728230000
